{
  "misa": {
    "mu": 968.4705863575621,
    "sigma": 317.43987593493586
  },
  "petr": {
    "mu": 915.4823531189735,
    "sigma": 311.2102749375905
  },
  "lukas": {
    "mu": 1574.2792400965786,
    "sigma": 345.38151836718583
  },
  "patrik": {
    "mu": 1426.0461895858152,
    "sigma": 375.19996075677415
  },
  "pedro": {
    "mu": 1075.741243161103,
    "sigma": 315.9682228662821
  },
  "jiras": {
    "mu": 765.0054535488706,
    "sigma": 307.27241221276614
  },
  "vasek": {
    "mu": 1560.498175423251,
    "sigma": 347.90080662529823
  },
  "lada": {
    "mu": 1004.3514979913273,
    "sigma": 333.4048756317117
  },
  "tomas": {
    "mu": 1147.2482540088286,
    "sigma": 367.9886003237033
  },
  "vlado": {
    "mu": 1002.2404673061345,
    "sigma": 307.59020214942404
  },
  "milan": {
    "mu": 1164.0185936736896,
    "sigma": 371.8415799579536
  },
  "zdenek": {
    "mu": 1684.5656519056104,
    "sigma": 375.29042115596303
  },
  "stilip": {
    "mu": 1296.2758394602095,
    "sigma": 392.8015845062219
  },
  "bruno": {
    "mu": 1036.4152519236457,
    "sigma": 356.7943154678814
  },
  "radek": {
    "mu": 895.0825653747388,
    "sigma": 389.82004365083884
  },
  "stilipjan": {
    "mu": 1188.5400337391177,
    "sigma": 392.77407423100885
  },
  "stepan": {
    "mu": 937.0350304992457,
    "sigma": 393.08612865213667
  },
  "marecek": {
    "mu": 967.6240784446135,
    "sigma": 367.3447083474856
  },
  "karhan": {
    "mu": 1097.367735639782,
    "sigma": 371.36379736594256
  },
  "hess": {
    "mu": 1395.0141693614232,
    "sigma": 385.44650092195496
  },
  "warriors": {
    "mu": 1062.0871689013982,
    "sigma": 391.42409313204945
  },
  "pepa": {
    "mu": 1203.83486832215,
    "sigma": 399.4415415027791
  },
  "matej": {
    "mu": 1136.6768648927286,
    "sigma": 395.8042846007393
  },
  "ondra": {
    "mu": 1097.5142985943553,
    "sigma": 394.4789970373199
  }
}